{
  "rmse": 1.4482833605053547,
  "mae": 1.0490152344160026,
  "r2": 0.9540574077503904,
  "mape_pct": 1.5650391466871174,
  "within_2_pct": 86.76716917922947
}