{
  "n_rows": 5970,
  "n_players": 4418,
  "snapshots_per_player": 1.351,
  "random_split": {
    "rmse": 1.4482833605053547,
    "mae": 1.0490152344160026,
    "r2": 0.9540574077503904,
    "mape_pct": 1.5650391466871174,
    "within_2_pct": 86.76716917922947
  },
  "grouped_split": {
    "rmse": 1.5356106185655038,
    "mae": 1.1330050256319606,
    "r2": 0.9500133160366391,
    "mape_pct": 1.7088914101918447,
    "within_2_pct": 84.19273034657651
  },
  "group_overlap_players": 0,
  "rmse_by_segment": {
    "outfield": 1.444412397276617,
    "goalkeeper": 1.493348207151681
  },
  "rmse_by_band": {
    "<60": 2.4088551171423758,
    "60-65": 1.343737380578186,
    "65-70": 1.2649762245206067,
    "70-75": 1.1055695051536116,
    "75-80": 1.370978211791989,
    ">80": 1.92512921280154
  },
  "within_2_overall_pct": 86.76716917922947
}